motion_metric,n,pearson_r,pearson_p,spearman_rho,spearman_p
mean_fd,408,0.07607315997310883,0.1250021338176129,0.10366991993627979,0.03632699488424432
max_fd,408,-0.10241453813718235,0.038662095404179815,0.07201688698884152,0.14647579129781352
pct_fd_gt_0_5,408,0.053986088655005454,0.27663331839496064,0.05055765336047926,0.3083297377375742
pct_fd_gt_0_9,408,-0.005177065090403547,0.916969800196479,0.014385994147186694,0.7720409307718471
